TotalFrame,Time,DeltaTime,FPS
13835,0.0000,0.008381,119.31
13836,0.0000,0.008381,119.31
13837,0.0200,0.020000,50.00
13838,0.0233,0.003317,301.49
13839,0.0265,0.003187,313.74
13840,0.1301,0.103550,9.66
13841,0.1848,0.054748,18.27
13842,0.2362,0.051410,19.45
13843,0.2891,0.052858,18.92
13844,0.2990,0.009976,100.24
13845,0.3072,0.008112,123.28
13846,0.3138,0.006606,151.37
13847,0.3214,0.007613,131.35
13848,0.3287,0.007345,136.14
13849,0.3364,0.007711,129.69
13850,0.3436,0.007181,139.25
13851,0.3510,0.007340,136.24
13852,0.3584,0.007467,133.92
13853,0.3658,0.007428,134.63
13854,0.3734,0.007511,133.15
13855,0.3806,0.007288,137.21
13856,0.3882,0.007563,132.23
13857,0.3955,0.007265,137.65
13858,0.4031,0.007583,131.87
13859,0.4103,0.007228,138.35
13860,0.4179,0.007620,131.24
13861,0.4252,0.007250,137.92
13862,0.4328,0.007639,130.90
13863,0.4401,0.007330,136.43
13864,0.4476,0.007446,134.29
13865,0.4550,0.007386,135.40
13866,0.4625,0.007505,133.25
13867,0.4698,0.007329,136.44
13868,0.4773,0.007517,133.03
13869,0.4847,0.007349,136.07
13870,0.4920,0.007352,136.01
13871,0.4988,0.006819,146.65
13872,0.5052,0.006415,155.89
13873,0.5118,0.006584,151.88
13874,0.5182,0.006373,156.92
13875,0.5251,0.006889,145.16
13876,0.5316,0.006524,153.27
13877,0.5380,0.006425,155.63
13878,0.5446,0.006561,152.41
13879,0.5510,0.006386,156.59
13880,0.5576,0.006654,150.29
13881,0.5643,0.006621,151.04
13882,0.5708,0.006523,153.32
13883,0.5773,0.006554,152.57
13884,0.5837,0.006362,157.17
13885,0.5902,0.006490,154.08
13886,0.5967,0.006537,152.98
13887,0.6033,0.006598,151.57
13888,0.6098,0.006436,155.39
13889,0.6165,0.006717,148.87
13890,0.6229,0.006392,156.45
13891,0.6292,0.006360,157.23
13892,0.6361,0.006898,144.96
13893,0.6424,0.006295,158.86
13894,0.6490,0.006608,151.34
13895,0.6554,0.006417,155.83
13896,0.6620,0.006520,153.38
13897,0.6685,0.006542,152.86
13898,0.6750,0.006514,153.51
13899,0.6815,0.006475,154.44
13900,0.6881,0.006616,151.16
13901,0.6946,0.006491,154.05
13902,0.7011,0.006549,152.71
13903,0.7074,0.006256,159.86
13904,0.7142,0.006834,146.33
13905,0.7209,0.006656,150.25
13906,0.7274,0.006518,153.42
13907,0.7337,0.006292,158.92
13908,0.7408,0.007070,141.45
13909,0.7470,0.006248,160.05
13910,0.7536,0.006538,152.96
13911,0.7598,0.006190,161.56
13912,0.7664,0.006648,150.41
13913,0.7731,0.006685,149.60
13914,0.7796,0.006500,153.84
13915,0.7861,0.006510,153.61
13916,0.7927,0.006613,151.21
13917,0.7990,0.006312,158.42
13918,0.8056,0.006592,151.69
13919,0.8120,0.006408,156.06
13920,0.8187,0.006686,149.57
13921,0.8251,0.006431,155.49
13922,0.8314,0.006231,160.50
13923,0.8382,0.006826,146.50
13924,0.8448,0.006602,151.47
13925,0.8519,0.007071,141.42
13926,0.8579,0.006082,164.42
13927,0.8645,0.006534,153.05
13928,0.8709,0.006425,155.65
13929,0.8774,0.006484,154.23
13930,0.8843,0.006882,145.31
13931,0.8906,0.006300,158.73
13932,0.8971,0.006569,152.24
13933,0.9034,0.006272,159.43
13934,0.9100,0.006557,152.50
13935,0.9165,0.006535,153.01
13936,0.9230,0.006495,153.97
13937,0.9295,0.006535,153.02
13938,0.9361,0.006575,152.09
13939,0.9426,0.006505,153.74
13940,0.9491,0.006461,154.78
13941,0.9556,0.006494,154.00
13942,0.9622,0.006586,151.83
13943,0.9687,0.006564,152.34
13944,0.9751,0.006404,156.16
13945,0.9819,0.006756,148.01
13946,0.9882,0.006284,159.14
13947,0.9947,0.006566,152.30
13948,1.0013,0.006523,153.30
13949,1.0078,0.006496,153.95
13950,1.0143,0.006526,153.24
13951,1.0208,0.006517,153.44
13952,1.0273,0.006532,153.10
13953,1.0338,0.006472,154.52
13954,1.0403,0.006487,154.15
13955,1.0466,0.006331,157.96
13956,1.0535,0.006891,145.11
13957,1.0598,0.006333,157.91
13958,1.0664,0.006584,151.89
13959,1.0733,0.006892,145.10
13960,1.0795,0.006174,161.97
13961,1.0861,0.006575,152.09
13962,1.0927,0.006650,150.38
13963,1.0992,0.006509,153.63
13964,1.1061,0.006868,145.60
13965,1.1124,0.006334,157.88
13966,1.1191,0.006723,148.75
13967,1.1256,0.006422,155.72
13968,1.1320,0.006440,155.29
13969,1.1385,0.006462,154.75
13970,1.1450,0.006561,152.41
13971,1.1516,0.006590,151.75
13972,1.1583,0.006673,149.86
13973,1.1648,0.006541,152.89
13974,1.1712,0.006391,156.47
13975,1.1777,0.006436,155.39
13976,1.1841,0.006423,155.70
13977,1.1907,0.006616,151.14
13978,1.1973,0.006624,150.97
13979,1.2037,0.006406,156.11
13980,1.2103,0.006588,151.80
13981,1.2167,0.006399,156.28
13982,1.2232,0.006525,153.26
13983,1.2299,0.006620,151.06
13984,1.2363,0.006424,155.66
13985,1.2433,0.007044,141.97
13986,1.2497,0.006403,156.19
13987,1.2562,0.006491,154.07
13988,1.2626,0.006344,157.64
13989,1.2690,0.006391,156.47
13990,1.2755,0.006514,153.51
13991,1.2819,0.006449,155.06
13992,1.2887,0.006770,147.71
13993,1.2951,0.006370,156.99
13994,1.3013,0.006200,161.28
13995,1.3081,0.006837,146.27
13996,1.3145,0.006374,156.90
13997,1.3211,0.006599,151.54
13998,1.3277,0.006674,149.83
13999,1.3343,0.006594,151.65
14000,1.3409,0.006560,152.44
14001,1.3474,0.006477,154.38
14002,1.3541,0.006699,149.28
14003,1.3604,0.006352,157.44
14004,1.3668,0.006410,156.01
14005,1.3735,0.006698,149.29
14006,1.3800,0.006474,154.48
14007,1.3865,0.006467,154.62
14008,1.3929,0.006398,156.31
14009,1.3996,0.006683,149.63
14010,1.4062,0.006624,150.97
14011,1.4125,0.006327,158.05
14012,1.4191,0.006597,151.59
14013,1.4255,0.006381,156.72
14014,1.4322,0.006734,148.51
14015,1.4386,0.006379,156.78
14016,1.4451,0.006541,152.89
14017,1.4513,0.006201,161.26
14018,1.4581,0.006759,147.96
14019,1.4646,0.006455,154.92
14020,1.4712,0.006658,150.19
14021,1.4778,0.006602,151.47
14022,1.4842,0.006372,156.93
14023,1.4907,0.006547,152.75
14024,1.4969,0.006219,160.81
14025,1.5038,0.006878,145.38
14026,1.5102,0.006404,156.15
14027,1.5167,0.006436,155.38
14028,1.5238,0.007154,139.79
14029,1.5298,0.006024,166.01
14030,1.5362,0.006378,156.78
14031,1.5428,0.006551,152.66
14032,1.5492,0.006470,154.57
14033,1.5560,0.006731,148.56
14034,1.5621,0.006172,162.01
14035,1.5688,0.006649,150.40
14036,1.5757,0.006911,144.69
14037,1.5819,0.006217,160.85
14038,1.5884,0.006521,153.36
14039,1.5949,0.006498,153.90
14040,1.6017,0.006801,147.03
14041,1.6080,0.006234,160.41
14042,1.6144,0.006469,154.58
14043,1.6210,0.006535,153.02
14044,1.6275,0.006542,152.85
14045,1.6340,0.006482,154.28
14046,1.6405,0.006469,154.57
14047,1.6471,0.006650,150.37
14048,1.6535,0.006415,155.90
14049,1.6600,0.006514,153.52
14050,1.6665,0.006459,154.83
14051,1.6731,0.006557,152.52
14052,1.6799,0.006807,146.91
14053,1.6862,0.006278,159.28
14054,1.6926,0.006456,154.91
14055,1.6995,0.006921,144.49
14056,1.7059,0.006403,156.18
14057,1.7122,0.006281,159.21
14058,1.7187,0.006484,154.23
14059,1.7252,0.006488,154.14
14060,1.7322,0.007019,142.48
14061,1.7382,0.005945,168.20
14062,1.7450,0.006838,146.24
14063,1.7514,0.006439,155.30
14064,1.7578,0.006419,155.79
14065,1.7639,0.006097,164.01
14066,1.7708,0.006816,146.72
14067,1.7773,0.006519,153.40
14068,1.7843,0.007009,142.68
14069,1.7903,0.006035,165.69
14070,1.7968,0.006482,154.27
14071,1.8035,0.006659,150.18
14072,1.8099,0.006437,155.35
14073,1.8164,0.006530,153.14
14074,1.8228,0.006410,156.00
14075,1.8293,0.006463,154.72
14076,1.8361,0.006780,147.48
14077,1.8424,0.006286,159.09
14078,1.8490,0.006599,151.54
14079,1.8556,0.006596,151.61
14080,1.8620,0.006438,155.33
14081,1.8690,0.006946,143.97
14082,1.8751,0.006179,161.83
14083,1.8822,0.007028,142.28
14084,1.8885,0.006332,157.93
14085,1.8945,0.006062,164.95
14086,1.9011,0.006562,152.40
14087,1.9076,0.006533,153.08
14088,1.9141,0.006493,154.01
14089,1.9206,0.006485,154.20
14090,1.9272,0.006607,151.35
14091,1.9337,0.006472,154.51
14092,1.9406,0.006854,145.91
14093,1.9469,0.006351,157.47
14094,1.9533,0.006425,155.65
14095,1.9600,0.006674,149.84
14096,1.9664,0.006360,157.25
14097,1.9733,0.006983,143.21
14098,1.9795,0.006108,163.71
14099,1.9856,0.006139,162.89
14100,1.9927,0.007137,140.12
14101,1.9988,0.006117,163.48
14102,2.0055,0.006651,150.35
14103,2.0121,0.006563,152.36
14104,2.0183,0.006230,160.50
14105,2.0253,0.006962,143.63
14106,2.0316,0.006373,156.91
14107,2.0381,0.006504,153.74
14108,2.0447,0.006549,152.71
14109,2.0511,0.006442,155.24
14110,2.0577,0.006548,152.73
14111,2.0641,0.006464,154.70
14112,2.0707,0.006547,152.74
14113,2.0772,0.006495,153.96
14114,2.0838,0.006582,151.93
14115,2.0903,0.006572,152.17
14116,2.0968,0.006520,153.39
14117,2.1034,0.006543,152.83
14118,2.1099,0.006473,154.48
14119,2.1170,0.007122,140.41
14120,2.1232,0.006182,161.77
14121,2.1298,0.006602,151.46
14122,2.1362,0.006387,156.58
14123,2.1426,0.006481,154.30
14124,2.1499,0.007232,138.28
14125,2.1560,0.006098,163.99
14126,2.1625,0.006564,152.34
14127,2.1690,0.006426,155.61
14128,2.1754,0.006478,154.37
14129,2.1827,0.007297,137.04
14130,2.1886,0.005887,169.88
14131,2.1952,0.006539,152.93
14132,2.2018,0.006594,151.66
14133,2.2081,0.006303,158.66
14134,2.2148,0.006743,148.30
14135,2.2212,0.006414,155.91
14136,2.2277,0.006518,153.42
14137,2.2343,0.006572,152.17
14138,2.2406,0.006275,159.37
14139,2.2475,0.006968,143.51
14140,2.2541,0.006554,152.58
14141,2.2605,0.006380,156.74
14142,2.2668,0.006325,158.11
14143,2.2732,0.006423,155.70
14144,2.2799,0.006688,149.53
14145,2.2864,0.006483,154.26
14146,2.2927,0.006312,158.44
14147,2.2993,0.006642,150.57
14148,2.3060,0.006678,149.74
14149,2.3123,0.006305,158.61
14150,2.3189,0.006549,152.71
14151,2.3255,0.006595,151.62
14152,2.3317,0.006193,161.48
14153,2.3387,0.007067,141.51
14154,2.3449,0.006195,161.43
14155,2.3515,0.006613,151.22
14156,2.3580,0.006498,153.89
14157,2.3644,0.006356,157.34
14158,2.3712,0.006773,147.65
14159,2.3776,0.006427,155.59
14160,2.3841,0.006464,154.70
14161,2.3908,0.006727,148.66
14162,2.3971,0.006327,158.06
14163,2.4036,0.006527,153.22
14164,2.4101,0.006424,155.66
14165,2.4166,0.006550,152.67
14166,2.4232,0.006577,152.05
14167,2.4298,0.006577,152.04
14168,2.4362,0.006440,155.29
14169,2.4432,0.006941,144.08
14170,2.4493,0.006139,162.90
14171,2.4557,0.006443,155.21
14172,2.4625,0.006781,147.47
14173,2.4688,0.006264,159.65
14174,2.4752,0.006459,154.83
14175,2.4818,0.006608,151.33
14176,2.4882,0.006400,156.26
14177,2.4949,0.006655,150.27
14178,2.5011,0.006190,161.55
14179,2.5078,0.006752,148.10
14180,2.5144,0.006578,152.02
14181,2.5208,0.006336,157.82
14182,2.5275,0.006703,149.18
14183,2.5338,0.006380,156.75
14184,2.5407,0.006825,146.53
14185,2.5469,0.006227,160.60
14186,2.5534,0.006474,154.46
14187,2.5599,0.006558,152.49
14188,2.5666,0.006648,150.42
14189,2.5731,0.006554,152.57
14190,2.5795,0.006377,156.80
14191,2.5859,0.006357,157.32
14192,2.5926,0.006697,149.33
14193,2.5993,0.006699,149.27
14194,2.6056,0.006392,156.46
14195,2.6120,0.006340,157.73
14196,2.6187,0.006754,148.07
14197,2.6251,0.006346,157.58
14198,2.6316,0.006538,152.96
14199,2.6382,0.006537,152.97
14200,2.6446,0.006394,156.40
14201,2.6513,0.006780,147.48
14202,2.6578,0.006427,155.58
14203,2.6643,0.006556,152.53
14204,2.6711,0.006822,146.59
14205,2.6773,0.006136,162.98
14206,2.6838,0.006544,152.82
14207,2.6902,0.006390,156.49
14208,2.6968,0.006545,152.79
14209,2.7029,0.006125,163.26
14210,2.7098,0.006972,143.42
14211,2.7163,0.006445,155.15
14212,2.7227,0.006411,155.98
14213,2.7293,0.006588,151.79
14214,2.7356,0.006258,159.79
14215,2.7426,0.007009,142.67
14216,2.7491,0.006518,153.41
14217,2.7558,0.006687,149.54
14218,2.7619,0.006161,162.31
14219,2.7685,0.006592,151.70
14220,2.7755,0.007006,142.73
14221,2.7818,0.006224,160.68
14222,2.7884,0.006620,151.06
14223,2.7947,0.006315,158.35
14224,2.8013,0.006574,152.12
14225,2.8079,0.006650,150.37
14226,2.8143,0.006394,156.41
14227,2.8208,0.006492,154.04
14228,2.8274,0.006584,151.88
14229,2.8338,0.006398,156.30
14230,2.8402,0.006472,154.51
14231,2.8467,0.006427,155.59
14232,2.8533,0.006667,150.00
14233,2.8598,0.006440,155.28
14234,2.8664,0.006583,151.90
14235,2.8728,0.006421,155.74
14236,2.8795,0.006742,148.32
14237,2.8859,0.006392,156.45
14238,2.8923,0.006402,156.19
14239,2.8988,0.006491,154.06
14240,2.9054,0.006624,150.96
14241,2.9122,0.006761,147.90
14242,2.9185,0.006294,158.88
14243,2.9248,0.006342,157.69
14244,2.9318,0.006943,144.03
14245,2.9380,0.006203,161.22
14246,2.9447,0.006683,149.63
14247,2.9513,0.006656,150.23
14248,2.9577,0.006375,156.85
14249,2.9647,0.007037,142.11
14250,2.9706,0.005868,170.40
14251,2.9775,0.006909,144.75
14252,2.9838,0.006256,159.85
14253,2.9903,0.006582,151.93
14254,2.9969,0.006581,151.95
14255,3.0033,0.006371,156.96
14256,3.0100,0.006725,148.70
14257,3.0164,0.006358,157.27
14258,3.0231,0.006730,148.58
14259,3.0294,0.006286,159.09
14260,3.0362,0.006807,146.90
14261,3.0425,0.006298,158.79
14262,3.0488,0.006286,159.08
14263,3.0556,0.006781,147.47
14264,3.0618,0.006218,160.82
14265,3.0687,0.006930,144.29
14266,3.0750,0.006322,158.19
14267,3.0815,0.006453,154.97
14268,3.0881,0.006565,152.32
14269,3.0946,0.006510,153.61
14270,3.1014,0.006881,145.33
14271,3.1078,0.006318,158.27
14272,3.1143,0.006495,153.96
14273,3.1207,0.006424,155.67
14274,3.1273,0.006656,150.23
14275,3.1342,0.006829,146.43
14276,3.1401,0.005917,168.99
14277,3.1470,0.006910,144.71
14278,3.1533,0.006308,158.53
14279,3.1599,0.006598,151.57
14280,3.1664,0.006520,153.37
14281,3.1731,0.006688,149.53
14282,3.1795,0.006350,157.49
14283,3.1860,0.006581,151.95
14284,3.1927,0.006623,151.00
14285,3.1989,0.006273,159.43
14286,3.2055,0.006537,152.97
14287,3.2120,0.006556,152.53
14288,3.2186,0.006577,152.04
14289,3.2253,0.006675,149.82
14290,3.2315,0.006195,161.43
14291,3.2382,0.006745,148.26
14292,3.2454,0.007173,139.42
14293,3.2513,0.005859,170.67
14294,3.2575,0.006271,159.47
14295,3.2642,0.006623,151.00
14296,3.2712,0.007030,142.25
14297,3.2773,0.006102,163.89
14298,3.2838,0.006499,153.88
14299,3.2902,0.006449,155.06
14300,3.2969,0.006625,150.95
14301,3.3033,0.006481,154.31
14302,3.3097,0.006329,158.01
14303,3.3162,0.006562,152.40
14304,3.3228,0.006533,153.06
14305,3.3293,0.006527,153.21
14306,3.3363,0.006984,143.18
14307,3.3421,0.005792,172.66
14308,3.3488,0.006757,148.00
14309,3.3552,0.006428,155.58
14310,3.3617,0.006495,153.96
14311,3.3682,0.006495,153.97
14312,3.3749,0.006644,150.51
14313,3.3817,0.006789,147.29
14314,3.3878,0.006128,163.18
14315,3.3945,0.006687,149.54
14316,3.4011,0.006664,150.05
14317,3.4074,0.006284,159.13
14318,3.4141,0.006705,149.15
14319,3.4204,0.006306,158.58
14320,3.4272,0.006712,148.98
14321,3.4335,0.006380,156.74
14322,3.4401,0.006546,152.77
14323,3.4466,0.006478,154.38
14324,3.4533,0.006713,148.97
14325,3.4597,0.006420,155.77
14326,3.4660,0.006349,157.52
14327,3.4726,0.006554,152.58
14328,3.4792,0.006624,150.97
14329,3.4856,0.006413,155.94
14330,3.4922,0.006600,151.52
14331,3.4985,0.006293,158.92
14332,3.5054,0.006849,146.02
14333,3.5116,0.006229,160.54
14334,3.5182,0.006620,151.06
14335,3.5248,0.006620,151.06
14336,3.5313,0.006505,153.73
14337,3.5378,0.006489,154.10
14338,3.5443,0.006414,155.92
14339,3.5507,0.006471,154.53
14340,3.5574,0.006718,148.86
14341,3.5638,0.006339,157.75
14342,3.5704,0.006654,150.29
14343,3.5770,0.006574,152.11
14344,3.5833,0.006332,157.92
14345,3.5903,0.007012,142.60
14346,3.5964,0.006025,165.96
14347,3.6028,0.006459,154.83
14348,3.6094,0.006597,151.60
14349,3.6159,0.006457,154.88
14350,3.6223,0.006440,155.27
14351,3.6291,0.006735,148.48
14352,3.6354,0.006346,157.57
14353,3.6418,0.006374,156.90
14354,3.6486,0.006800,147.07
14355,3.6550,0.006419,155.79
14356,3.6616,0.006638,150.64
14357,3.6681,0.006449,155.06
14358,3.6747,0.006590,151.75
14359,3.6811,0.006373,156.91
14360,3.6875,0.006488,154.12
14361,3.6942,0.006638,150.64
14362,3.7006,0.006460,154.79
14363,3.7071,0.006454,154.95
14364,3.7139,0.006845,146.10
14365,3.7203,0.006348,157.54
14366,3.7267,0.006452,155.00
14367,3.7331,0.006414,155.90
14368,3.7400,0.006875,145.45
14369,3.7473,0.007268,137.60
14370,3.7528,0.005552,180.13
14371,3.7595,0.006661,150.12
14372,3.7659,0.006403,156.19
14373,3.7727,0.006772,147.66
14374,3.7792,0.006522,153.34
14375,3.7857,0.006481,154.30
14376,3.7923,0.006577,152.04
14377,3.7990,0.006759,147.94
14378,3.8052,0.006192,161.50
14379,3.8118,0.006573,152.15
14380,3.8186,0.006838,146.25
14381,3.8248,0.006212,160.99
14382,3.8315,0.006620,151.07
14383,3.8380,0.006567,152.28
14384,3.8450,0.006955,143.79
14385,3.8511,0.006150,162.59
14386,3.8576,0.006458,154.86
14387,3.8641,0.006474,154.47
14388,3.8708,0.006742,148.33
14389,3.8772,0.006434,155.42
14390,3.8837,0.006429,155.56
14391,3.8903,0.006629,150.85
14392,3.8967,0.006452,154.99
14393,3.9033,0.006585,151.87
14394,3.9101,0.006747,148.22
14395,3.9163,0.006223,160.69
14396,3.9230,0.006700,149.25
14397,3.9293,0.006267,159.57
14398,3.9358,0.006514,153.52
14399,3.9424,0.006584,151.89
14400,3.9489,0.006581,151.96
14401,3.9556,0.006630,150.82
14402,3.9617,0.006125,163.25
14403,3.9685,0.006772,147.66
14404,3.9751,0.006581,151.96
14405,3.9813,0.006269,159.52
14406,3.9880,0.006662,150.10
14407,3.9944,0.006384,156.64
14408,4.0010,0.006593,151.68
14409,4.0076,0.006680,149.71
14410,4.0139,0.006271,159.45
14411,4.0205,0.006591,151.71
14412,4.0276,0.007089,141.06
14413,4.0334,0.005859,170.67
14414,4.0400,0.006592,151.70
14415,4.0465,0.006486,154.18
14416,4.0528,0.006306,158.59
14417,4.0596,0.006787,147.34
14418,4.0661,0.006494,153.99
14419,4.0725,0.006387,156.57
14420,4.0792,0.006670,149.94
14421,4.0856,0.006386,156.60
14422,4.0922,0.006683,149.63
14423,4.0987,0.006440,155.27
14424,4.1051,0.006453,154.98
14425,4.1117,0.006532,153.10
14426,4.1184,0.006746,148.24
14427,4.1251,0.006721,148.78
14428,4.1320,0.006842,146.16
14429,4.1380,0.006043,165.49
14430,4.1445,0.006462,154.74
14431,4.1509,0.006467,154.63
14432,4.1577,0.006737,148.44
14433,4.1640,0.006300,158.73
14434,4.1708,0.006863,145.71
14435,4.1771,0.006261,159.72
14436,4.1836,0.006490,154.09
14437,4.1901,0.006461,154.78
14438,4.1965,0.006459,154.81
14439,4.2031,0.006581,151.96
14440,4.2095,0.006421,155.75
14441,4.2162,0.006731,148.56
14442,4.2227,0.006436,155.39
14443,4.2290,0.006325,158.11
14444,4.2362,0.007171,139.44
14445,4.2423,0.006123,163.33
14446,4.2489,0.006630,150.82
14447,4.2552,0.006298,158.79
14448,4.2616,0.006392,156.45
14449,4.2686,0.007002,142.81
14450,4.2748,0.006142,162.82
14451,4.2816,0.006800,147.07
14452,4.2878,0.006205,161.17
14453,4.2942,0.006472,154.51
14454,4.3008,0.006540,152.90
14455,4.3072,0.006439,155.31
14456,4.3143,0.007046,141.92
14457,4.3204,0.006154,162.50
14458,4.3270,0.006614,151.19
14459,4.3336,0.006597,151.59
14460,4.3401,0.006514,153.53
14461,4.3465,0.006385,156.61
14462,4.3530,0.006473,154.48
14463,4.3598,0.006792,147.24
14464,4.3661,0.006284,159.13
14465,4.3727,0.006662,150.10
14466,4.3791,0.006396,156.34
14467,4.3854,0.006245,160.13
14468,4.3923,0.006930,144.30
14469,4.3986,0.006258,159.79
14470,4.4053,0.006680,149.70
14471,4.4122,0.006965,143.58
14472,4.4183,0.006063,164.93
14473,4.4248,0.006562,152.39
14474,4.4312,0.006321,158.21
14475,4.4376,0.006413,155.92
14476,4.4446,0.007007,142.71
14477,4.4507,0.006091,164.17
14478,4.4572,0.006546,152.77
14479,4.4637,0.006502,153.81
14480,4.4703,0.006605,151.39
14481,4.4769,0.006596,151.61
14482,4.4833,0.006344,157.64
14483,4.4898,0.006565,152.33
14484,4.4963,0.006426,155.62
14485,4.5030,0.006762,147.89
14486,4.5095,0.006463,154.72
14487,4.5160,0.006554,152.59
14488,4.5226,0.006581,151.95
14489,4.5290,0.006429,155.55
14490,4.5356,0.006595,151.63
14491,4.5419,0.006299,158.76
14492,4.5488,0.006887,145.20
14493,4.5550,0.006154,162.50
14494,4.5616,0.006598,151.55
14495,4.5685,0.006967,143.53
14496,4.5750,0.006484,154.22
14497,4.5818,0.006732,148.55
14498,4.5880,0.006204,161.19
14499,4.5946,0.006621,151.04
14500,4.6011,0.006515,153.48
14501,4.6075,0.006413,155.93
14502,4.6141,0.006567,152.28
14503,4.6205,0.006405,156.12
14504,4.6272,0.006705,149.14
14505,4.6335,0.006343,157.65
14506,4.6401,0.006586,151.84
14507,4.6466,0.006495,153.97
14508,4.6531,0.006520,153.36
14509,4.6604,0.007277,137.42
14510,4.6661,0.005708,175.19
14511,4.6727,0.006566,152.29
14512,4.6791,0.006385,156.61
14513,4.6856,0.006565,152.33
14514,4.6923,0.006645,150.48
14515,4.6985,0.006239,160.28
14516,4.7055,0.006951,143.86
14517,4.7117,0.006221,160.74
14518,4.7182,0.006536,152.99
14519,4.7248,0.006548,152.72
14520,4.7312,0.006398,156.31
14521,4.7378,0.006635,150.71
14522,4.7446,0.006755,148.04
14523,4.7510,0.006403,156.18
14524,4.7575,0.006505,153.74
14525,4.7638,0.006352,157.44
14526,4.7704,0.006601,151.50
14527,4.7769,0.006525,153.25
14528,4.7835,0.006555,152.55
14529,4.7901,0.006559,152.46
14530,4.7964,0.006337,157.80
14531,4.8029,0.006494,153.98
14532,4.8097,0.006851,145.97
14533,4.8159,0.006158,162.40
14534,4.8224,0.006480,154.33
14535,4.8289,0.006527,153.22
14536,4.8355,0.006598,151.56
14537,4.8420,0.006476,154.43
14538,4.8486,0.006642,150.55
14539,4.8551,0.006444,155.18
14540,4.8614,0.006370,156.99
14541,4.8681,0.006702,149.21
14542,4.8744,0.006297,158.80
14543,4.8809,0.006489,154.11
14544,4.8876,0.006650,150.39
14545,4.8941,0.006483,154.26
14546,4.9006,0.006515,153.48
14547,4.9072,0.006604,151.43
14548,4.9142,0.007042,142.00
14549,4.9201,0.005909,169.22
14550,4.9270,0.006856,145.86
14551,4.9335,0.006548,152.71
14552,4.9400,0.006483,154.25
14553,4.9467,0.006684,149.60
14554,4.9534,0.006722,148.76
14555,4.9603,0.006827,146.47
14556,4.9665,0.006198,161.35
14557,4.9729,0.006476,154.42
14558,4.9794,0.006443,155.20
14559,4.9856,0.006232,160.48
14560,4.9922,0.006575,152.10
14561,4.9988,0.006586,151.84
14562,5.0053,0.006557,152.50
14563,5.0116,0.006269,159.52
14564,5.0182,0.006581,151.95
14565,5.0246,0.006425,155.64
14566,5.0309,0.006346,157.57
14567,5.0376,0.006657,150.21
14568,5.0440,0.006391,156.47
14569,5.0505,0.006463,154.73
14570,5.0570,0.006572,152.15
14571,5.0635,0.006467,154.64
14572,5.0700,0.006536,153.00
14573,5.0764,0.006404,156.15
14574,5.0831,0.006641,150.58
14575,5.0896,0.006512,153.57
14576,5.0961,0.006538,152.95
14577,5.1028,0.006655,150.27
14578,5.1092,0.006402,156.19
14579,5.1155,0.006329,157.99
14580,5.1221,0.006609,151.30
14581,5.1286,0.006522,153.32
14582,5.1356,0.006951,143.86
14583,5.1419,0.006278,159.30
14584,5.1484,0.006572,152.17
14585,5.1551,0.006634,150.73
14586,5.1614,0.006339,157.75
14587,5.1680,0.006619,151.09
14588,5.1746,0.006578,152.03
14589,5.1811,0.006483,154.24
14590,5.1876,0.006499,153.88
14591,5.1942,0.006602,151.47
14592,5.2006,0.006373,156.90
14593,5.2074,0.006874,145.49
14594,5.2135,0.006036,165.67
14595,5.2201,0.006657,150.22
14596,5.2267,0.006583,151.90
14597,5.2331,0.006357,157.31
14598,5.2398,0.006719,148.84
14599,5.2466,0.006773,147.65
14600,5.2531,0.006508,153.66
14601,5.2596,0.006500,153.84
14602,5.2658,0.006197,161.38
14603,5.2722,0.006434,155.43
14604,5.2787,0.006545,152.79
14605,5.2850,0.006233,160.45
14606,5.2921,0.007095,140.95
14607,5.2983,0.006186,161.67
14608,5.3048,0.006547,152.74
14609,5.3117,0.006921,144.49
14610,5.3178,0.006054,165.19
14611,5.3244,0.006602,151.48
14612,5.3312,0.006826,146.49
14613,5.3375,0.006261,159.72
14614,5.3440,0.006530,153.13
14615,5.3505,0.006500,153.85
14616,5.3570,0.006540,152.90
14617,5.3641,0.007034,142.17
14618,5.3703,0.006223,160.69
14619,5.3765,0.006252,159.94
14620,5.3834,0.006837,146.25
14621,5.3900,0.006642,150.56
14622,5.3964,0.006414,155.90
14623,5.4029,0.006498,153.89
14624,5.4094,0.006491,154.07
14625,5.4159,0.006482,154.28
14626,5.4224,0.006470,154.56
14627,5.4288,0.006443,155.20
14628,5.4354,0.006562,152.40
14629,5.4417,0.006335,157.86
14630,5.4485,0.006785,147.38
14631,5.4550,0.006456,154.90
14632,5.4618,0.006814,146.75
14633,5.4681,0.006314,158.37
14634,5.4745,0.006409,156.03
14635,5.4810,0.006543,152.83
14636,5.4873,0.006286,159.09
14637,5.4940,0.006623,150.99
14638,5.5005,0.006554,152.59
14639,5.5072,0.006686,149.57
14640,5.5137,0.006499,153.88
14641,5.5202,0.006507,153.67
14642,5.5268,0.006636,150.69
14643,5.5331,0.006306,158.59
14644,5.5398,0.006615,151.17
14645,5.5462,0.006443,155.21
14646,5.5527,0.006529,153.17
14647,5.5595,0.006747,148.22
14648,5.5657,0.006258,159.80
14649,5.5729,0.007167,139.52
14650,5.5787,0.005835,171.38
14651,5.5853,0.006610,151.28
14652,5.5919,0.006543,152.84
14653,5.5982,0.006341,157.69
14654,5.6051,0.006868,145.60
14655,5.6115,0.006409,156.04
14656,5.6181,0.006582,151.93
14657,5.6246,0.006505,153.72
14658,5.6310,0.006444,155.18
14659,5.6374,0.006385,156.63
14660,5.6441,0.006643,150.54
14661,5.6509,0.006789,147.31
14662,5.6572,0.006307,158.55
14663,5.6637,0.006534,153.05
14664,5.6703,0.006597,151.60
14665,5.6768,0.006478,154.37
14666,5.6833,0.006523,153.30
14667,5.6898,0.006532,153.09
14668,5.6963,0.006483,154.25
14669,5.7028,0.006452,154.99
14670,5.7093,0.006512,153.57
14671,5.7159,0.006584,151.88
14672,5.7224,0.006571,152.19
14673,5.7290,0.006617,151.13
14674,5.7354,0.006377,156.80
14675,5.7419,0.006519,153.39
14676,5.7487,0.006776,147.59
14677,5.7551,0.006422,155.72
14678,5.7615,0.006378,156.79
14679,5.7680,0.006458,154.86
14680,5.7745,0.006542,152.87
14681,5.7810,0.006501,153.82
14682,5.7874,0.006426,155.62
14683,5.7940,0.006542,152.86
14684,5.8005,0.006566,152.29
14685,5.8071,0.006585,151.87
14686,5.8135,0.006411,155.99
14687,5.8202,0.006649,150.40
14688,5.8268,0.006577,152.04
14689,5.8332,0.006402,156.21
14690,5.8396,0.006459,154.83
14691,5.8460,0.006361,157.20
14692,5.8524,0.006367,157.05
14693,5.8591,0.006785,147.38
14694,5.8655,0.006383,156.66
14695,5.8723,0.006753,148.09
14696,5.8788,0.006520,153.38
14697,5.8853,0.006509,153.63
14698,5.8916,0.006314,158.39
14699,5.8982,0.006629,150.86
14700,5.9047,0.006499,153.88
14701,5.9112,0.006437,155.36
14702,5.9179,0.006691,149.45
14703,5.9242,0.006328,158.04
14704,5.9309,0.006728,148.63
14705,5.9373,0.006402,156.20
14706,5.9437,0.006343,157.66
14707,5.9503,0.006617,151.12
14708,5.9569,0.006634,150.74
14709,5.9634,0.006508,153.65
14710,5.9698,0.006367,157.05
14711,5.9764,0.006562,152.40
14712,5.9829,0.006517,153.46
14713,5.9894,0.006547,152.75
14714,5.9965,0.007076,141.32
14715,6.0024,0.005878,170.12
14716,6.0093,0.006892,145.10
14717,6.0155,0.006183,161.75
14718,6.0221,0.006597,151.58
14719,6.0286,0.006595,151.63
14720,6.0350,0.006340,157.73
14721,6.0417,0.006729,148.61
14722,6.0479,0.006206,161.15
14723,6.0546,0.006692,149.44
14724,6.0614,0.006828,146.46
14725,6.0677,0.006206,161.13
14726,6.0742,0.006539,152.93
14727,6.0807,0.006489,154.12
14728,6.0872,0.006475,154.45
14729,6.0938,0.006667,150.00
14730,6.1004,0.006547,152.74
14731,6.1069,0.006514,153.52
14732,6.1133,0.006368,157.04
14733,6.1200,0.006739,148.39
14734,6.1265,0.006459,154.81
14735,6.1329,0.006487,154.15
14736,6.1395,0.006552,152.62
14737,6.1460,0.006496,153.95
14738,6.1526,0.006577,152.04
14739,6.1591,0.006494,153.99
14740,6.1658,0.006770,147.72
14741,6.1723,0.006478,154.36
14742,6.1789,0.006571,152.19
14743,6.1857,0.006829,146.43
14744,6.1920,0.006344,157.63
14745,6.1987,0.006612,151.24
14746,6.2049,0.006285,159.10
14747,6.2115,0.006512,153.57
14748,6.2182,0.006728,148.64
14749,6.2246,0.006409,156.04
14750,6.2312,0.006596,151.61
14751,6.2377,0.006496,153.94
14752,6.2443,0.006612,151.24
14753,6.2509,0.006603,151.44
14754,6.2574,0.006529,153.17
14755,6.2637,0.006320,158.24
14756,6.2707,0.006955,143.78
14757,6.2768,0.006121,163.38
14758,6.2832,0.006405,156.13
14759,6.2901,0.006893,145.07
14760,6.2961,0.006000,166.68
14761,6.3029,0.006815,146.74
14762,6.3094,0.006425,155.65
14763,6.3157,0.006373,156.91
14764,6.3225,0.006802,147.01
14765,6.3288,0.006246,160.09
14766,6.3354,0.006649,150.39
14767,6.3420,0.006530,153.14
14768,6.3484,0.006422,155.72
14769,6.3549,0.006533,153.08
14770,6.3612,0.006272,159.44
14771,6.3680,0.006859,145.79
14772,6.3750,0.006997,142.92
14773,6.3809,0.005894,169.68
14774,6.3874,0.006416,155.85
14775,6.3939,0.006592,151.70
14776,6.4006,0.006682,149.65
14777,6.4071,0.006462,154.75
14778,6.4136,0.006506,153.71
14779,6.4201,0.006501,153.82
14780,6.4268,0.006721,148.80
14781,6.4330,0.006227,160.59
14782,6.4396,0.006554,152.57
14783,6.4461,0.006540,152.90
14784,6.4527,0.006513,153.55
14785,6.4592,0.006520,153.36
14786,6.4657,0.006573,152.15
14787,6.4723,0.006534,153.06
14788,6.4787,0.006442,155.22
14789,6.4853,0.006585,151.86
14790,6.4918,0.006516,153.47
14791,6.4984,0.006537,152.98
14792,6.5047,0.006348,157.54
14793,6.5114,0.006700,149.26
14794,6.5178,0.006350,157.47
14795,6.5243,0.006519,153.40
14796,6.5314,0.007118,140.49
14797,6.5373,0.005867,170.45
14798,6.5436,0.006390,156.49
14799,6.5503,0.006699,149.27
14800,6.5568,0.006441,155.25
14801,6.5634,0.006565,152.32
14802,6.5699,0.006594,151.66
14803,6.5767,0.006759,147.95
14804,6.5829,0.006235,160.38
14805,6.5895,0.006516,153.48
14806,6.5960,0.006506,153.71
14807,6.6025,0.006492,154.04
14808,6.6090,0.006528,153.18
14809,6.6155,0.006522,153.34
14810,6.6220,0.006469,154.58
14811,6.6284,0.006449,155.07
14812,6.6352,0.006804,146.98
14813,6.6414,0.006130,163.13
14814,6.6481,0.006795,147.16
14815,6.6551,0.006906,144.80
14816,6.6611,0.006045,165.43
14817,6.6678,0.006720,148.81
14818,6.6741,0.006249,160.02
14819,6.6807,0.006647,150.44
14820,6.6871,0.006353,157.42
14821,6.6936,0.006516,153.47
14822,6.7000,0.006420,155.75
14823,6.7067,0.006640,150.61
14824,6.7132,0.006552,152.62
14825,6.7200,0.006758,147.98
14826,6.7263,0.006301,158.71
14827,6.7328,0.006489,154.10
14828,6.7394,0.006696,149.35
14829,6.7460,0.006561,152.41
14830,6.7522,0.006207,161.12
14831,6.7591,0.006858,145.81
14832,6.7653,0.006230,160.52
14833,6.7719,0.006549,152.69
14834,6.7784,0.006586,151.85
14835,6.7848,0.006395,156.37
14836,6.7920,0.007133,140.19
14837,6.7979,0.005917,169.00
14838,6.8047,0.006811,146.82
14839,6.8110,0.006297,158.80
14840,6.8178,0.006820,146.63
14841,6.8243,0.006543,152.84
14842,6.8303,0.005900,169.51
14843,6.8371,0.006847,146.05
14844,6.8437,0.006572,152.17
14845,6.8499,0.006253,159.93
14846,6.8566,0.006628,150.88
14847,6.8630,0.006493,154.01
14848,6.8696,0.006570,152.20
14849,6.8766,0.006963,143.62
14850,6.8825,0.005964,167.67
14851,6.8891,0.006553,152.60
14852,6.8958,0.006685,149.59
14853,6.9022,0.006376,156.83
14854,6.9087,0.006505,153.72
14855,6.9153,0.006606,151.38
14856,6.9217,0.006426,155.62
14857,6.9282,0.006487,154.17
14858,6.9345,0.006337,157.79
14859,6.9410,0.006458,154.86
14860,6.9485,0.007555,132.36
14861,6.9543,0.005756,173.73
14862,6.9607,0.006428,155.56
14863,6.9674,0.006726,148.68
14864,6.9738,0.006354,157.38
14865,6.9804,0.006605,151.40
14866,6.9867,0.006293,158.90
14867,6.9933,0.006656,150.24
14868,6.9999,0.006594,151.65
14869,7.0063,0.006361,157.20
14870,7.0130,0.006725,148.71
14871,7.0194,0.006419,155.78
14872,7.0260,0.006542,152.85
14873,7.0325,0.006487,154.15
14874,7.0390,0.006555,152.56
14875,7.0458,0.006725,148.71
14876,7.0523,0.006500,153.84
14877,7.0588,0.006541,152.89
14878,7.0652,0.006446,155.14
14879,7.0719,0.006615,151.16
14880,7.0783,0.006463,154.73
14881,7.0848,0.006452,154.99
14882,7.0913,0.006522,153.33
14883,7.0978,0.006530,153.14
14884,7.1046,0.006821,146.61
14885,7.1108,0.006153,162.52
14886,7.1170,0.006243,160.17
14887,7.1234,0.006327,158.06
14888,7.1305,0.007098,140.88
14889,7.1371,0.006607,151.36
14890,7.1437,0.006630,150.83
14891,7.1502,0.006507,153.69
14892,7.1568,0.006548,152.71
14893,7.1631,0.006316,158.33
14894,7.1696,0.006563,152.37
14895,7.1763,0.006648,150.43
14896,7.1828,0.006561,152.42
14897,7.1893,0.006412,155.96
14898,7.1960,0.006757,147.99
14899,7.2023,0.006279,159.26
14900,7.2093,0.007028,142.28
14901,7.2154,0.006057,165.09
14902,7.2219,0.006489,154.11
14903,7.2285,0.006587,151.82
14904,7.2349,0.006425,155.65
14905,7.2421,0.007166,139.55
14906,7.2486,0.006521,153.36
14907,7.2546,0.006032,165.77
14908,7.2615,0.006912,144.69
14909,7.2675,0.005944,168.25
14910,7.2743,0.006800,147.07
14911,7.2805,0.006228,160.56
14912,7.2868,0.006339,157.76
14913,7.2934,0.006581,151.96
14914,7.3001,0.006710,149.04
14915,7.3069,0.006831,146.40
14916,7.3132,0.006278,159.28
14917,7.3197,0.006456,154.90
14918,7.3261,0.006376,156.84
14919,7.3327,0.006647,150.44
14920,7.3393,0.006597,151.58
14921,7.3457,0.006444,155.18
14922,7.3523,0.006581,151.95
14923,7.3589,0.006574,152.11
14924,7.3659,0.006998,142.89
14925,7.3718,0.005939,168.38
14926,7.3784,0.006531,153.13
14927,7.3849,0.006568,152.26
14928,7.3913,0.006381,156.72
14929,7.3980,0.006644,150.51
14930,7.4045,0.006504,153.75
14931,7.4109,0.006402,156.21
14932,7.4182,0.007338,136.27
14933,7.4240,0.005769,173.35
14934,7.4306,0.006596,151.61
14935,7.4371,0.006579,151.99
14936,7.4435,0.006402,156.21
14937,7.4503,0.006767,147.78
14938,7.4565,0.006209,161.05
14939,7.4633,0.006817,146.70
14940,7.4697,0.006366,157.08
14941,7.4761,0.006422,155.72
14942,7.4826,0.006454,154.95
14943,7.4891,0.006478,154.37
14944,7.4957,0.006601,151.49
14945,7.5019,0.006276,159.33
14946,7.5095,0.007533,132.74
14947,7.5154,0.005923,168.83
14948,7.5217,0.006322,158.18
14949,7.5282,0.006504,153.74
14950,7.5347,0.006472,154.52
14951,7.5413,0.006584,151.89
14952,7.5477,0.006433,155.44
14953,7.5545,0.006820,146.63
14954,7.5608,0.006270,159.48
14955,7.5673,0.006478,154.38
14956,7.5741,0.006846,146.08
14957,7.5803,0.006162,162.28
14958,7.5872,0.006897,144.98
14959,7.5935,0.006353,157.42
14960,7.6002,0.006634,150.73
14961,7.6066,0.006438,155.32
14962,7.6132,0.006606,151.38
14963,7.6195,0.006331,157.95
14964,7.6260,0.006437,155.34
14965,7.6329,0.006868,145.60
14966,7.6393,0.006414,155.91
14967,7.6456,0.006321,158.19
14968,7.6525,0.006895,145.04
14969,7.6589,0.006385,156.62
14970,7.6653,0.006439,155.31
14971,7.6718,0.006489,154.11
14972,7.6784,0.006653,150.31
14973,7.6850,0.006534,153.04
14974,7.6914,0.006436,155.38
14975,7.6982,0.006789,147.31
14976,7.7046,0.006443,155.20
14977,7.7114,0.006728,148.63
14978,7.7178,0.006385,156.61
14979,7.7243,0.006505,153.74
14980,7.7308,0.006547,152.74
14981,7.7375,0.006638,150.64
14982,7.7442,0.006760,147.94
14983,7.7508,0.006565,152.33
14984,7.7572,0.006433,155.45
14985,7.7637,0.006502,153.80
14986,7.7702,0.006499,153.88
14987,7.7768,0.006626,150.93
14988,7.7833,0.006513,153.55
14989,7.7899,0.006595,151.63
14990,7.7964,0.006493,154.00
14991,7.8030,0.006606,151.38
14992,7.8096,0.006561,152.43
14993,7.8166,0.007048,141.89
14994,7.8229,0.006287,159.06
14995,7.8293,0.006344,157.62
14996,7.8362,0.006916,144.60
14997,7.8428,0.006598,151.55
14998,7.8494,0.006651,150.34
14999,7.8558,0.006373,156.91
15000,7.8625,0.006636,150.70
15001,7.8692,0.006751,148.14
15002,7.8756,0.006351,157.45
15003,7.8825,0.006916,144.59
15004,7.8892,0.006684,149.61
15005,7.8955,0.006341,157.70
15006,7.9021,0.006578,152.03
15007,7.9086,0.006483,154.26
15008,7.9150,0.006468,154.60
15009,7.9223,0.007245,138.02
15010,7.9286,0.006281,159.21
15011,7.9349,0.006303,158.65
15012,7.9414,0.006586,151.85
15013,7.9481,0.006630,150.83
15014,7.9545,0.006471,154.53
15015,7.9613,0.006809,146.88
15016,7.9678,0.006404,156.14
15017,7.9747,0.006922,144.48
15018,7.9809,0.006197,161.38
15019,7.9871,0.006259,159.78
15020,7.9940,0.006866,145.65
15021,8.0004,0.006450,155.04
15022,8.0072,0.006717,148.87
15023,8.0136,0.006481,154.30
15024,8.0203,0.006617,151.13
15025,8.0269,0.006651,150.36
15026,8.0334,0.006448,155.09
15027,8.0399,0.006569,152.23
15028,8.0462,0.006246,160.10
15029,8.0534,0.007208,138.73
15030,8.0596,0.006210,161.03
15031,8.0659,0.006331,157.94
15032,8.0726,0.006700,149.26
15033,8.0793,0.006678,149.74
15034,8.0858,0.006509,153.62
15035,8.0924,0.006575,152.09
15036,8.0989,0.006563,152.36
15037,8.1054,0.006489,154.11
15038,8.1120,0.006512,153.57
15039,8.1186,0.006626,150.93
15040,8.1253,0.006768,147.76
15041,8.1320,0.006646,150.46
15042,8.1385,0.006537,152.98
15043,8.1450,0.006477,154.40
15044,8.1516,0.006598,151.57
15045,8.1580,0.006428,155.57
15046,8.1646,0.006520,153.38
15047,8.1712,0.006653,150.31
15048,8.1779,0.006728,148.63
15049,8.1847,0.006761,147.91
15050,8.1910,0.006278,159.28
15051,8.1976,0.006585,151.86
15052,8.2040,0.006485,154.19
15053,8.2106,0.006562,152.38
15054,8.2172,0.006569,152.23
15055,8.2240,0.006876,145.44
15056,8.2303,0.006216,160.89
15057,8.2372,0.006928,144.34
15058,8.2438,0.006579,151.99
15059,8.2501,0.006358,157.27
15060,8.2566,0.006507,153.68
15061,8.2630,0.006368,157.04
15062,8.2696,0.006588,151.79
15063,8.2762,0.006639,150.63
15064,8.2827,0.006510,153.61
15065,8.2895,0.006809,146.87
15066,8.2959,0.006313,158.40
15067,8.3025,0.006652,150.34
15068,8.3089,0.006353,157.42
15069,8.3155,0.006612,151.24
15070,8.3224,0.006932,144.27
15071,8.3288,0.006368,157.03
15072,8.3354,0.006675,149.82
15073,8.3418,0.006323,158.15
15074,8.3485,0.006715,148.93
15075,8.3550,0.006525,153.27
15076,8.3617,0.006709,149.06
15077,8.3680,0.006233,160.43
15078,8.3744,0.006473,154.49
15079,8.3811,0.006630,150.84
15080,8.3878,0.006749,148.18
15081,8.3944,0.006584,151.89
15082,8.4008,0.006393,156.41
15083,8.4075,0.006708,149.07
15084,8.4142,0.006733,148.53
15085,8.4205,0.006314,158.39
15086,8.4272,0.006633,150.76
15087,8.4337,0.006574,152.11
15088,8.4402,0.006490,154.09
15089,8.4468,0.006609,151.32
15090,8.4534,0.006583,151.90
15091,8.4599,0.006515,153.48
15092,8.4667,0.006769,147.73
15093,8.4731,0.006382,156.69
15094,8.4799,0.006766,147.79
15095,8.4861,0.006219,160.80
15096,8.4930,0.006874,145.48
15097,8.4995,0.006567,152.28
15098,8.5058,0.006268,159.54
15099,8.5125,0.006719,148.83
15100,8.5190,0.006483,154.25
15101,8.5256,0.006636,150.68
15102,8.5321,0.006467,154.63
15103,8.5387,0.006590,151.74
15104,8.5453,0.006586,151.85
15105,8.5518,0.006566,152.31
15106,8.5585,0.006626,150.92
15107,8.5648,0.006386,156.58
15108,8.5721,0.007204,138.80
15109,8.5782,0.006152,162.56
15110,8.5846,0.006388,156.55
15111,8.5913,0.006664,150.06
15112,8.5977,0.006437,155.36
15113,8.6041,0.006435,155.41
15114,8.6109,0.006739,148.38
15115,8.6174,0.006568,152.24
15116,8.6239,0.006509,153.62
15117,8.6305,0.006574,152.11
15118,8.6370,0.006525,153.27
15119,8.6436,0.006559,152.46
15120,8.6500,0.006447,155.12
15121,8.6568,0.006743,148.31
15122,8.6637,0.006904,144.84
15123,8.6702,0.006538,152.95
15124,8.6767,0.006446,155.14
15125,8.6832,0.006531,153.12
15126,8.6897,0.006463,154.72
15127,8.6965,0.006879,145.37
15128,8.7031,0.006602,151.48
15129,8.7098,0.006677,149.76
15130,8.7164,0.006583,151.90
15131,8.7227,0.006295,158.86
15132,8.7299,0.007174,139.38
15133,8.7362,0.006317,158.31
15134,8.7426,0.006443,155.21
15135,8.7493,0.006688,149.51
15136,8.7559,0.006547,152.74
15137,8.7625,0.006582,151.93
15138,8.7690,0.006503,153.78
15139,8.7757,0.006693,149.41
15140,8.7822,0.006507,153.69
15141,8.7886,0.006475,154.44
15142,8.7952,0.006537,152.97
15143,8.8015,0.006362,157.18
15144,8.8082,0.006617,151.13
15145,8.8147,0.006578,152.02
15146,8.8213,0.006541,152.89
15147,8.8280,0.006690,149.48
15148,8.8344,0.006460,154.80
15149,8.8412,0.006738,148.41
15150,8.8475,0.006310,158.47
15151,8.8541,0.006651,150.36
15152,8.8605,0.006379,156.77
15153,8.8673,0.006809,146.86
15154,8.8739,0.006563,152.36
15155,8.8803,0.006414,155.91
15156,8.8869,0.006656,150.23
15157,8.8934,0.006509,153.63
15158,8.9001,0.006649,150.40
15159,8.9066,0.006518,153.42
15160,8.9132,0.006630,150.83
15161,8.9202,0.006918,144.55
15162,8.9262,0.006065,164.88
15163,8.9330,0.006783,147.44
15164,8.9392,0.006235,160.40
15165,8.9460,0.006774,147.63
15166,8.9525,0.006440,155.28
15167,8.9590,0.006553,152.59
15168,8.9658,0.006773,147.65
15169,8.9723,0.006500,153.85
15170,8.9790,0.006735,148.48
15171,8.9854,0.006348,157.53
15172,8.9921,0.006759,147.94
15173,8.9985,0.006339,157.76
15174,9.0050,0.006557,152.50
15175,9.0117,0.006628,150.87
15176,9.0181,0.006467,154.63
15177,9.0250,0.006899,144.95
15178,9.0313,0.006273,159.41
15179,9.0378,0.006542,152.85
15180,9.0445,0.006679,149.71
15181,9.0508,0.006299,158.77
15182,9.0574,0.006616,151.15
15183,9.0641,0.006675,149.80
15184,9.0707,0.006605,151.40
15185,9.0772,0.006533,153.08
15186,9.0839,0.006632,150.79
15187,9.0904,0.006577,152.05
15188,9.0967,0.006294,158.89
15189,9.1037,0.006920,144.50
15190,9.1100,0.006361,157.21
15191,9.1169,0.006890,145.15
15192,9.1232,0.006240,160.26
15193,9.1298,0.006654,150.28
15194,9.1363,0.006529,153.17
15195,9.1433,0.006937,144.16
15196,9.1504,0.007148,139.90
15197,9.1564,0.005961,167.76
15198,9.1637,0.007283,137.31
15199,9.1696,0.005906,169.33
15200,9.1758,0.006260,159.73
15201,9.1828,0.006998,142.89
15202,9.1892,0.006346,157.59
15203,9.1959,0.006731,148.56
15204,9.2022,0.006262,159.69
15205,9.2088,0.006666,150.02
15206,9.2155,0.006625,150.94
15207,9.2220,0.006581,151.95
15208,9.2287,0.006650,150.37
15209,9.2357,0.006980,143.26
15210,9.2420,0.006353,157.40
15211,9.2486,0.006536,153.01
15212,9.2550,0.006418,155.81
15213,9.2615,0.006521,153.36
15214,9.2680,0.006478,154.38
15215,9.2746,0.006593,151.68
15216,9.2811,0.006491,154.06
15217,9.2878,0.006708,149.07
15218,9.2942,0.006470,154.56
15219,9.3007,0.006473,154.48
15220,9.3076,0.006896,145.02
15221,9.3140,0.006364,157.14
15222,9.3209,0.006905,144.82
15223,9.3272,0.006338,157.77
15224,9.3341,0.006917,144.56
15225,9.3404,0.006258,159.81
15226,9.3471,0.006678,149.74
15227,9.3536,0.006505,153.74
15228,9.3600,0.006436,155.38
15229,9.3664,0.006375,156.86
15230,9.3732,0.006831,146.39
15231,9.3797,0.006479,154.34
15232,9.3864,0.006693,149.42
15233,9.3929,0.006476,154.42
15234,9.3991,0.006270,159.50
15235,9.4060,0.006852,145.95
15236,9.4126,0.006583,151.90
15237,9.4192,0.006583,151.91
15238,9.4261,0.006915,144.60
15239,9.4323,0.006192,161.50
15240,9.4387,0.006426,155.61
15241,9.4457,0.006991,143.03
15242,9.4521,0.006388,156.55
15243,9.4586,0.006505,153.73
15244,9.4650,0.006416,155.86
15245,9.4716,0.006625,150.95
15246,9.4784,0.006784,147.41
15247,9.4850,0.006567,152.27
15248,9.4915,0.006570,152.21
15249,9.4979,0.006405,156.13
15250,9.5045,0.006553,152.60
15251,9.5108,0.006352,157.44
15252,9.5177,0.006825,146.53
15253,9.5243,0.006625,150.95
15254,9.5308,0.006480,154.33
15255,9.5374,0.006601,151.48
15256,9.5440,0.006584,151.89
15257,9.5504,0.006490,154.08
15258,9.5571,0.006615,151.18
15259,9.5636,0.006526,153.22
15260,9.5701,0.006502,153.80
15261,9.5771,0.006983,143.21
15262,9.5836,0.006531,153.13
15263,9.5901,0.006527,153.20
15264,9.5967,0.006591,151.73
15265,9.6033,0.006555,152.55
15266,9.6099,0.006586,151.83
15267,9.6164,0.006513,153.54
15268,9.6229,0.006549,152.69
15269,9.6294,0.006528,153.18
15270,9.6361,0.006692,149.43
15271,9.6426,0.006477,154.38
15272,9.6497,0.007038,142.08
15273,9.6560,0.006392,156.44
15274,9.6626,0.006507,153.68
15275,9.6691,0.006522,153.32
15276,9.6753,0.006237,160.33
15277,9.6821,0.006785,147.38
15278,9.6886,0.006521,153.35
15279,9.6952,0.006612,151.23
15280,9.7017,0.006480,154.33
15281,9.7083,0.006552,152.63
15282,9.7150,0.006725,148.70
15283,9.7215,0.006494,153.99
15284,9.7284,0.006924,144.43
15285,9.7346,0.006165,162.22
15286,9.7413,0.006689,149.50
15287,9.7479,0.006677,149.77
15288,9.7545,0.006520,153.38
15289,9.7609,0.006477,154.39
15290,9.7673,0.006407,156.08
15291,9.7741,0.006719,148.84
15292,9.7803,0.006189,161.58
15293,9.7870,0.006779,147.52
15294,9.7936,0.006586,151.84
15295,9.8001,0.006525,153.25
15296,9.8068,0.006704,149.16
15297,9.8133,0.006445,155.17
15298,9.8200,0.006681,149.68
15299,9.8264,0.006473,154.50
15300,9.8330,0.006548,152.73
15301,9.8396,0.006614,151.21
15302,9.8461,0.006463,154.72
15303,9.8529,0.006842,146.15
15304,9.8593,0.006350,157.49
15305,9.8659,0.006598,151.56
15306,9.8724,0.006547,152.75
15307,9.8789,0.006533,153.07
15308,9.8860,0.007097,140.90
15309,9.8922,0.006172,162.03
15310,9.8986,0.006407,156.08
15311,9.9053,0.006716,148.89
15312,9.9117,0.006358,157.28
15313,9.9185,0.006810,146.84
15314,9.9248,0.006349,157.52
15315,9.9315,0.006612,151.24
15316,9.9378,0.006322,158.18
15317,9.9445,0.006681,149.68
15318,9.9511,0.006675,149.81
15319,9.9576,0.006480,154.33
15320,9.9642,0.006618,151.09
15321,9.9709,0.006621,151.04
15322,9.9773,0.006411,155.97
15323,9.9838,0.006523,153.31
15324,9.9905,0.006719,148.83
15325,9.9973,0.006749,148.18
